municipality,state,website
Provo,Utah,https://provo.gov
Ogden,Utah,https://ogdencity.gov
Albany,New York,https://albanyny.gov
Bakersfield,California,https://bakersfieldcity.us
Wichita,Kansas,https://wichita.gov
Augusta,Georgia,https://augustaga.gov
Greenville,South Carolina,https://greenvillesc.gov
Pensacola,Florida,https://cityofpensacola.com
Anaheim,California,https://anaheim.net
Poughkeepsie,New York,https://cityofpoughkeepsie.com
Santa Rosa,California,https://srcity.org
Winter Haven,Florida,https://mywinterhaven.com
Canton,Ohio,https://cantonohio.gov
Shreveport,Louisiana,https://shreveportla.gov
Rockford,Illinois,https://rockfordil.gov
Peoria,Illinois,https://peoriagov.org
Killeen,Texas,https://killeentexas.gov
Kennewick,Washington,https://go2kennewick.com
York,Pennsylvania,https://yorkcountypa.gov
Garland,Texas,https://garlandtx.gov
San Bernardino,California,https://sanbernardino.gov
Portland,Maine,https://portlandmaine.gov
Fontana,California,https://fontanaca.gov
McKinney,Texas,https://mckinneytexas.org
Frederick,Maryland,https://frederickcountymd.gov
Murfreesboro,Tennessee,https://murfreesborotn.gov
Newport News,Virginia,https://nnva.gov
Gainesville,Georgia,https://gainesville.org
Panama City,Florida,https://panamacity.gov
Hemet,California,https://hemetca.gov
Danbury,Connecticut,https://danbury-ct.gov
High Point,North Carolina,https://highpointnc.gov
Pembroke Pines,Florida,https://ppines.com
Marysville,Washington,https://marysvillewa.gov
Fredericksburg,Virginia,https://fredericksburgva.gov
Odessa,Texas,https://odessa-tx.gov
Hollywood,Florida,https://hollywoodfl.org
Escondido,California,https://escondido.gov
Surprise,Arizona,https://surpriseaz.gov
Mesquite,Texas,https://cityofmesquite.com
Beaumont,Texas,https://beaumonttexas.gov
Midland,Texas,https://midlandtexas.gov
West Valley City,Utah,https://wvc-ut.gov
Hampton,Virginia,https://hampton.gov
Elizabeth,New Jersey,https://elizabethnj.org
Sterling Heights,Michigan,https://sterlingheights.gov
Billings,Montana,https://billingsmt.gov
Abilene,Texas,https://abilenetx.gov
Arvada,Colorado,https://arvadaco.gov
Pueblo,Colorado,https://pueblo.us
Burlington,Vermont,https://burlingtonvt.gov
Saginaw,Michigan,https://saginaw-mi.com
Westminster,Colorado,https://westminsterco.gov
League City,Texas,https://leaguecitytx.gov
Lowell,Massachusetts,https://lowellma.gov
Elgin,Illinois,https://elginil.gov
Leominster,Massachusetts,https://leominster-ma.gov
Longview,Texas,https://longviewtexas.gov
Murrieta,California,https://murrietaca.gov
Idaho Falls,Idaho,https://idahofallsidaho.gov
Miami Gardens,Florida,https://miamigardens-fl.gov
Temecula,California,https://temeculaca.gov
Jacksonville,North Carolina,https://jacksonvillenc.gov
Menifee,California,https://cityofmenifee.us
San Tan Valley,Arizona,https://pinal.gov
Charlottesville,Virginia,https://charlottesville.gov
Lafayette,Colorado,https://lafayetteco.gov
Daly City,California,https://dalycity.org
San Angelo,Texas,https://sanangelo.gov
Bismarck,North Dakota,https://bismarcknd.gov
New Braunfels,Texas,https://newbraunfels.gov
Beaverton,Oregon,https://beavertonoregon.gov
Middletown,Ohio,https://cityofmiddletown.org
Livonia,Michigan,https://livonia.gov
Mount Pleasant,South Carolina,https://tompsc.com
Hoover,Alabama,https://hooveralabama.gov
Williamsburg,Virginia,https://williamsburgva.gov
Chino,California,https://cityofchino.org
Fort Myers,Florida,https://fortmyers.gov
Clifton,New Jersey,https://cliftonnj.org
Waukegan,Illinois,https://waukeganil.gov
San Leandro,California,https://sanleandro.org
Citrus Heights,California,https://citrusheights.net
Decatur,Illinois,https://decaturil.gov
Baytown,Texas,https://baytown.org
Westland,Michigan,https://cityofwestland.com
Alhambra,California,https://cityofalhambra.org
Jackson,Michigan,https://cityofjackson.org
Homestead,Florida,https://homesteadfl.gov
Morgantown,West Virginia,https://morgantownwv.gov
State College,Pennsylvania,https://statecollegepa.us
Jonesboro,Arkansas,https://jonesboro.org
Tustin,California,https://tustinca.org
Pasco,Washington,https://pasco-wa.gov
Chino Hills,California,https://chinohills.org
Flower Mound,Texas,https://flowermound.gov
Woodbury,Minnesota,https://woodburymn.gov
Castle Rock,Colorado,https://crgov.com
Pocatello,Idaho,https://pocatello.gov
Saratoga Springs,New York,https://saratoga-springs.org
Missouri City,Texas,https://missouricitytx.gov
Broomfield,Colorado,https://broomfield.org
Battle Creek,Michigan,https://battlecreekmi.gov
Brunswick,Georgia,https://glynncounty.org
Mount Vernon,New York,https://cmvny.com
Lakeville,Minnesota,https://lakevillemn.gov
Framingham,Massachusetts,https://framinghamma.gov
Fairbanks,Alaska,https://fnsb.gov
St. Charles,Missouri,https://stcharlescitymo.gov
Casas Adobes,Arizona,https://pima.gov
Cleveland,Tennessee,https://clevelandtn.gov
Ankeny,Iowa,https://ankenyiowa.gov
Maple Grove,Minnesota,https://maplegrovemn.gov
North Richland Hills,Texas,https://nrhtx.com
Glens Falls,New York,https://cityofglensfalls.com
Passaic,New Jersey,https://cityofpassaic.com
Dubuque,Iowa,https://cityofdubuque.org
Schenectady,New York,https://cityofschenectady.com
Union City,California,https://unioncity.org
Kankakee,Illinois,https://k3county.net
Leander,Texas,https://leandertx.gov
Apex,North Carolina,https://apexnc.org
Yorba Linda,California,https://yorbalindaca.gov
Watsonville,California,https://watsonville.gov
Mount Vernon,Washington,https://mountvernonwa.gov
Victoria,Texas,https://victoriatx.org
Lima,Ohio,https://limaohio.gov
Lynwood,California,https://lynwoodca.gov
Pflugerville,Texas,https://pflugervilletx.gov
Millcreek,Utah,https://millcreekut.gov
Bay City,Michigan,https://baycitymi.gov
Bossier City,Louisiana,https://bossiercity.org
Council Bluffs,Iowa,https://councilbluffs-ia.gov
Hendersonville,Tennessee,https://hvilletn.org
Dearborn Heights,Michigan,https://dearbornheightsmi.gov
Marietta,Georgia,https://mariettaga.gov
Wellington,Florida,https://wellingtonfl.gov
Woodland,California,https://cityofwoodland.gov
Parker,Colorado,https://parkerco.gov
Stonecrest,Georgia,https://stonecrestga.gov
North Miami,Florida,https://northmiamifl.gov
Blue Springs,Missouri,https://bluespringsgov.com
Margate,Florida,https://margatefl.com
Madison,Alabama,https://madisonal.gov
St. Clair Shores,Michigan,https://scsmi.net
St. Peters,Missouri,https://stpetersmo.net
Royal Oak,Michigan,https://romi.gov
Bel Air South,Maryland,https://belairmd.org
Casa Grande,Arizona,https://casagrandeaz.gov
Kettering,Ohio,https://mcohio.org
Bartlett,Tennessee,https://cityofbartlett.org
Highland,California,https://cityofhighland.org
Fountain Valley,California,https://fountainvalley.gov
Bentonville,Arkansas,https://bentonvillear.com
Chicopee,Massachusetts,https://chicopeema.gov
West Haven,Connecticut,https://cityofwesthaven.com
Texas City,Texas,https://texascitytx.gov
Manhattan,Kansas,https://manhattanks.gov
Colton,California,https://coltonca.gov
Huntington Park,California,https://hpca.gov
Pinellas Park,Florida,https://pinellas-park.com
Twin Falls,Idaho,https://tfid.org
Summerville,South Carolina,https://summervillesc.gov
Westfield,Indiana,https://westfieldin.gov
Troy,New York,https://troyny.gov
Burleson,Texas,https://burlesontx.com
Levittown,Pennsylvania,https://buckscounty.gov
Grapevine,Texas,https://grapevinetexas.gov
Delano,California,https://cityofdelano.org
Rockwall,Texas,https://rockwallcountytexas.com
Azusa,California,https://azusaca.gov
Bedford,Texas,https://bedfordtx.gov
Portage,Michigan,https://portagemi.gov
Titusville,Florida,https://titusville.com
Ceres,California,https://ceres.gov
Stillwater,Oklahoma,https://stillwaterok.gov
Bothell,Washington,https://bothellwa.gov
Cedar Hill,Texas,https://cedarhilltx.com
Fort Pierce,Florida,https://cityoffortpierce.com
Minot,North Dakota,https://minotnd.gov
Ocoee,Florida,https://ocoee.org
Roswell,New Mexico,https://roswell-nm.gov
Brea,California,https://cityofbrea.gov
Rancho Santa Margarita,California,https://cityofrsm.org
Roseville,Michigan,https://roseville-mi.gov
Huntsville,Texas,https://huntsvilletx.gov
Beavercreek,Ohio,https://beavercreekohio.gov
Gallatin,Tennessee,https://gallatintn.gov
Olive Branch,Mississippi,https://obms.us
Attleboro,Massachusetts,https://cityofattleboro.us
Farmington,New Mexico,https://fmtn.org
Pahrump,Nevada,https://pahrumpnv.gov
Haltom City,Texas,https://haltomcitytx.com
East Lansing,Michigan,https://cityofeastlansing.com
Clermont,Florida,https://clermontfl.gov
Oakley,California,https://oakleyca.gov
Salem,Massachusetts,https://salemma.gov
Concord,New Hampshire,https://concordnh.gov
Saratoga Springs,Utah,https://saratogasprings-ut.gov
Oakland Park,Florida,https://oaklandparkfl.gov
Lombard,Illinois,https://villageoflombard.org
Newnan,Georgia,https://newnanga.gov
Holly Springs,North Carolina,https://hollyspringsnc.gov
Huber Heights,Ohio,https://hhoh.org
West Babylon,New York,https://townofbabylonny.gov
Schertz,Texas,https://schertz.com
Campbell,California,https://campbellca.gov
Buffalo Grove,Illinois,https://vbg.org
Puyallup,Washington,https://cityofpuyallup.org
Danville,Virginia,https://danville-va.gov
Peachtree Corners,Georgia,https://peachtreecornersga.gov
Coppell,Texas,https://coppelltx.gov
Lebanon,Tennessee,https://lebanontn.org
Grove City,Ohio,https://grovecityohio.gov
Belleville,Illinois,https://belleville.net
Post Falls,Idaho,https://postfalls.gov
Fitchburg,Massachusetts,https://fitchburgma.gov
Marlborough,Massachusetts,https://marlborough-ma.gov
Rancho Palos Verdes,California,https://rpvca.gov
Hallandale Beach,Florida,https://hallandalebeachfl.gov
Brighton,Colorado,https://brightonco.gov
Indian Trail,North Carolina,https://indiantrail.org
Reynoldsburg,Ohio,https://reynoldsburg.gov
Romeoville,Illinois,https://romeoville.org
Maplewood,Minnesota,https://maplewoodmn.gov
Mount Juliet,Tennessee,https://mtjuliet-tn.gov
Lancaster,Texas,https://lancaster-tx.com
Westfield,Massachusetts,https://cityofwestfield.org
Cedar Falls,Iowa,https://cedarfalls.com
New Berlin,Wisconsin,https://newberlinwi.gov
The Acreage,Florida,https://loxahatcheegrovesfl.gov
Cottage Grove,Minnesota,https://cottagegrovemn.gov
Oviedo,Florida,https://cityofoviedo.net
DeLand,Florida,https://deland.org
Fort Lee,New Jersey,https://fortleenj.org
Apache Junction,Arizona,https://apachejunctionaz.gov
Issaquah,Washington,https://issaquahwa.gov
Rosenberg,Texas,https://rosenbergtx.gov
Aventura,Florida,https://cityofaventura.com
West Fargo,North Dakota,https://westfargond.gov
Grants Pass,Oregon,https://grantspassoregon.gov
Peachtree City,Georgia,https://peachtree-city.org
Menomonee Falls,Wisconsin,https://menomonee-falls.org
La Vergne,Tennessee,https://lavergnetn.gov
Vestavia Hills,Alabama,https://shelbyal.com
Georgetown,Kentucky,https://georgetownky.gov
Hot Springs,Arkansas,https://cityhs.net
Portage,Indiana,https://portagein.gov
Lewiston,Maine,https://lewistonmaine.gov
Rome,Georgia,https://romega.us
Fuquay-Varina,North Carolina,https://fuquay-varina.org
Evans,Georgia,https://columbiacountyga.gov
Carpentersville,Illinois,https://cville.org
South Miami Heights,Florida,https://southmiamifl.gov
Oregon City,Oregon,https://orcity.org
Cedar City,Utah,https://cedarcityut.gov
Wildomar,California,https://wildomar.gov
South Valley,New Mexico,https://mrcog-nm.gov
Sun Prairie,Wisconsin,https://cityofsunprairie.com
San Luis,Arizona,https://sanluisaz.gov
Windsor,Colorado,https://windsorgov.com
El Mirage,Arizona,https://elmirageaz.gov
East Meadow,New York,https://hempsteadny.gov
Plainfield,Indiana,https://townofplainfield.com
Norristown,Pennsylvania,https://norristown.org
Monroe,North Carolina,https://monroenc.org
Cookeville,Tennessee,https://cookeville-tn.gov
Gahanna,Ohio,https://gahanna.gov
American Fork,Utah,https://americanfork.gov
Watertown Town,Massachusetts,https://watertown-ma.gov
Wildwood,Missouri,https://cityofwildwood.com
Pueblo West,Colorado,https://pueblowestmetro.us
University Place,Washington,https://cityofup.com
University City,Missouri,https://ucitymo.org
Prosper,Texas,https://prospertx.gov
Manitowoc,Wisconsin,https://manitowoc.org
Lewiston,Idaho,https://cityoflewiston.org
Pleasant Hill,California,https://phillca.gov
Stow,Ohio,https://stowohio.org
Weatherford,Texas,https://weatherfordtx.gov
Alabaster,Alabama,https://cityofalabaster.com
Canyon Lake,Texas,https://canyontx.gov
Sherwood,Arkansas,https://cityofsherwood.net
Andover,Minnesota,https://andovermn.gov
Los Gatos,California,https://losgatosca.gov
Hutto,Texas,https://huttotx.gov
Long Branch,New Jersey,https://longbranch.org
O'Fallon,Illinois,https://ofallon.org
Beverly Hills,California,https://beverlyhills.org
Opelika,Alabama,https://opelika-al.gov
Marrero,Louisiana,https://jeffparish.gov
Ithaca,New York,https://cityofithaca.org
Seguin,Texas,https://seguintexas.gov
San Pablo,California,https://sanpabloca.gov
Bangor,Maine,https://bangormaine.gov
Mundelein,Illinois,https://mundelein.org
Eagle,Idaho,https://cityofeagle.org
Zionsville,Indiana,https://zionsville-in.gov
Orcutt,California,https://countyofsb.org
New Smyrna Beach,Florida,https://cityofnsb.com
Santa Paula,California,https://spcity.org
Port Chester,New York,https://portchesterny.gov
Southlake,Texas,https://cityofsouthlake.com
Westfield,New Jersey,https://westfieldnj.gov
Los Altos,California,https://losaltosca.gov
Burlingame,California,https://burlingame.org
Princeton,New Jersey,https://princetonnj.gov
Liberty,Missouri,https://libertymissouri.gov
Brownsburg,Indiana,https://brownsburg.org
Niles,Illinois,https://vniles.com
Middletown,New York,https://middletownny.gov
McDonough,Georgia,https://mcdonoughga.org
Bowling Green,Ohio,https://bgohio.org
Paragould,Arkansas,https://cityofparagould.com
Gloucester,Massachusetts,https://gloucester-ma.gov
Hobart,Indiana,https://cityofhobart.org
Laurel,Maryland,https://cityoflaurel.org
Garfield Heights,Ohio,https://garfieldhts.org
Vero Beach South,Florida,https://covb.org
Englewood,New Jersey,https://cityofenglewood.org
Jacksonville,Arkansas,https://cityofjacksonville.net
Easton,Pennsylvania,https://easton-pa.com
Sachse,Texas,https://cityofsachse.com
Russellville,Arkansas,https://russellvillearkansas.org
Independence,Kentucky,https://cityofindependence.org
Shaker Heights,Ohio,https://shakerheightsoh.gov
Jeffersontown,Kentucky,https://jeffersontownky.com
Danville,Illinois,https://cityofdanville.org
Fort Mill,South Carolina,https://fortmillsc.gov
Rockledge,Florida,https://cityofrockledge.org
Glen Ellyn,Illinois,https://glenellyn.org
Ridgecrest,California,https://ridgecrest-ca.gov
Crestview,Florida,https://cityofcrestview.org
Clayton,North Carolina,https://townofclaytonnc.org
Henderson,Kentucky,https://hendersonky.gov
Lake Jackson,Texas,https://lakejackson-tx.gov
Garden City,Kansas,https://garden-city.org
Alvin,Texas,https://alvin-tx.gov
Dodge City,Kansas,https://dodgecity.org
West Melbourne,Florida,https://westmelbourne.gov
Wilmette,Illinois,https://wilmette.gov
Marshalltown,Iowa,https://marshalltown-ia.gov
New Lenox,Illinois,https://newlenox.net
Millville,New Jersey,https://millvillenj.gov
Green,Ohio,https://cityofgreen.org
Balch Springs,Texas,https://balchspringstx.gov
Waukee,Iowa,https://waukee.org
Chicago Heights,Illinois,https://cityofchicagoheights.org
Temple Terrace,Florida,https://templeterrace.gov
Garden City,Michigan,https://gardencitymi.org
Oak Forest,Illinois,https://oak-forest.org
Palm Springs,Florida,https://vpsfl.org
Kalispell,Montana,https://kalispell.com
South Portland,Maine,https://southportland.gov
Vernon Hills,Illinois,https://vernonhills.org
Cabot,Arkansas,https://cabotar.gov
Batavia,Illinois,https://bataviail.gov
Superior,Wisconsin,https://superiorwi.gov
Edwardsville,Illinois,https://cityofedwardsville.com
Marysville,Ohio,https://marysvilleohio.org
Rosemount,Minnesota,https://rosemountmn.gov
Owatonna,Minnesota,https://owatonna.gov
Forest Grove,Oregon,https://forestgrove-or.gov
Elk River,Minnesota,https://elkrivermn.gov
South Salt Lake,Utah,https://sslc.gov
Lockport,Illinois,https://cityoflockport.net
Wasco,California,https://cityofwasco.org
Cave Spring,Virginia,https://roanokecountyva.gov
Winona,Minnesota,https://cityofwinona.com
Imperial Beach,California,https://imperialbeachca.gov
Key West,Florida,https://cityofkeywest-fl.gov
Derby,Kansas,https://derbyks.com
Starkville,Mississippi,https://cityofstarkville.org
Moses Lake,Washington,https://cityofml.com
Xenia,Ohio,https://cityofxenia.org
Peekskill,New York,https://cityofpeekskillny.gov
Denison,Texas,https://denisontx.gov
Holt,Michigan,https://delhitownshipmi.gov
Hazelwood,Missouri,https://hazelwoodmo.org
Walker,Michigan,https://walker.city
Edgewood,Maryland,https://harfordcountymd.gov
University Park,Texas,https://uptexas.org
Avon,Ohio,https://cityofavon.com
Perrysburg,Ohio,https://perrysburgoh.gov
King of Prussia,Pennsylvania,https://montgomerycountypa.gov
Riverbank,California,https://riverbank.org
Yukon,Oklahoma,https://yukonok.gov
San Benito,Texas,https://cityofsanbenito.com
Maywood,California,https://cityofmaywood.com
Kerrville,Texas,https://kerrvilletx.gov
Homer Glen,Illinois,https://homerglenil.org
Pelham,Alabama,https://pelhamalabama.gov
Clinton,Iowa,https://cityofclintoniowa.gov
Oak Harbor,Washington,https://oakharbor.gov
Oak Ridge,Florida,https://oakridgetn.gov
Farragut,Tennessee,https://townoffarragut.org
Patterson,California,https://pattersonca.gov
Johnston,Iowa,https://cityofjohnston.com
Lexington,South Carolina,https://lexsc.gov
Papillion,Nebraska,https://papillion.org
Elmwood Park,Illinois,https://elmwoodpark.org
Rolling Meadows,Illinois,https://cityrm.org
Burlington,Iowa,https://burlingtoniowa.org
Webster Groves,Missouri,https://webstergrovesmo.gov
Fountain Hills,Arizona,https://fountainhillsaz.gov
Brookings,South Dakota,https://cityofbrookings-sd.gov
Farmington,Minnesota,https://farmingtonmn.gov
Fernley,Nevada,https://cityoffernley.org
Cartersville,Georgia,https://cartersvillega.gov
Columbus,Mississippi,https://thecityofcolumbusms.org
Jacksonville Beach,Florida,https://jacksonvillebeach.org
Muscatine,Iowa,https://muscatineiowa.gov
Van Buren,Arkansas,https://vanburencity.org
Clinton,Utah,https://clintoncity.net
Lisle,Illinois,https://villageoflisle.org
North Platte,Nebraska,https://northplattene.gov
New Brighton,Minnesota,https://newbrightonmn.gov
Duncan,Oklahoma,https://duncanok.gov
Garden City,New York,https://gardencityny.net
Watertown,South Dakota,https://watertownsd.us
Avon,Indiana,https://avonindiana.gov
DeBary,Florida,https://debary.org
Albertville,Alabama,https://cityofalbertville.com
Summit,New Jersey,https://cityofsummit.org
East Peoria,Illinois,https://cityofeastpeoria.com
Biddeford,Maine,https://biddefordmaine.org
Villa Park,Illinois,https://invillapark.com
Chalmette,Louisiana,https://sbpg.net
Junction City,Kansas,https://junctioncity-ks.gov
Bloomingdale,Illinois,https://villageofbloomingdale.org
Middleton,Wisconsin,https://cityofmiddleton.us
Allison Park,Pennsylvania,https://hampton-pa.org
Ozark,Missouri,https://ozarkmissouri.com
Golden Valley,Minnesota,https://goldenvalleymn.gov
Hurricane,Utah,https://cityofhurricane.com
Dickinson,Texas,https://dickinsontexas.gov
Alliance,Ohio,https://cityofalliance.com
Clemmons,North Carolina,https://clemmons.org
Rose Hill,Virginia,https://franklincountyva.gov
East Patchogue,New York,https://patchoguevillage.gov
Otsego,Minnesota,https://otsegomn.gov
Stephenville,Texas,https://stephenvilletx.gov
Carlisle,Pennsylvania,https://cumberlandcountypa.gov
Mukilteo,Washington,https://mukilteowa.gov
Battle Ground,Washington,https://cityofbg.org
Montgomery,Illinois,https://montgomeryil.org
Carrboro,North Carolina,https://townofcarrboro.org
Baldwin,Pennsylvania,https://baldwinborough.org
Hays,Kansas,https://haysusa.com
West St. Paul,Minnesota,https://wspmn.gov
Gardner,Massachusetts,https://gardner-ma.gov
Murphy,Texas,https://murphytx.org
Anna,Texas,https://annatexas.gov
Princeton,Texas,https://princetontx.gov
Fort Walton Beach,Florida,https://fwb.org
Germantown,Wisconsin,https://germantownwi.gov
Hyattsville,Maryland,https://hyattsville.org
East Moline,Illinois,https://eastmoline.com
Fate,Texas,https://fatetx.gov
Grayslake,Illinois,https://villageofgrayslake.com
Montrose,Colorado,https://cityofmontrose.org
Arlington,Washington,https://arlingtonwa.gov
South Milwaukee,Wisconsin,https://southmilwaukee.gov
Piqua,Ohio,https://piquaoh.org
Libertyville,Illinois,https://libertyville.com
South Burlington,Vermont,https://southburlingtonvt.gov
Westbrook,Maine,https://westbrookmaine.com
Sidney,Ohio,https://sidneyoh.com
Portland,Texas,https://portlandtx.com
North Amityville,New York,https://amityville.com
Howard,Wisconsin,https://villageofhoward.com
Westminster,Maryland,https://westminstermd.gov
Port Angeles,Washington,https://cityofpa.us
Mayfield Heights,Ohio,https://mayfieldheightsohio.gov
Sand Springs,Oklahoma,https://sandspringsok.gov
Ypsilanti,Michigan,https://cityofypsilanti.com
Plainview,Texas,https://plainviewtx.org
Universal City,Texas,https://universalcitytexas.gov
Bartow,Florida,https://cityofbartow.net
Nogales,Arizona,https://nogalesaz.gov
Tavares,Florida,https://tavaresfl.gov
Lake Zurich,Illinois,https://lakezurich.org
Monroe,Washington,https://monroewa.gov
Highland,Utah,https://highlandut.gov
Boone,North Carolina,https://townofboone.net
Evergreen Park,Illinois,https://evergreenpark-ill.com
Arvin,California,https://arvin.org
Orinda,California,https://cityoforinda.org
Lynn Haven,Florida,https://cityoflynnhaven.com
Warrensburg,Missouri,https://warrensburg-mo.com
South El Monte,California,https://cityofsouthelmonte.org
Cocoa,Florida,https://cocoafl.gov
Maumelle,Arkansas,https://maumelle.org
Maitland,Florida,https://itsmymaitland.com
Durango,Colorado,https://durangoco.gov
West Chester,Pennsylvania,https://west-chester.com
Lumberton,North Carolina,https://lumbertonnc.gov
Durant,Oklahoma,https://durant.org
Harrisburg,North Carolina,https://harrisburgnc.org
Central Point,Oregon,https://centralpointoregon.gov
Orange,Texas,https://orangetexas.gov
Winchester,Kentucky,https://winchesterky.com
Lakeway,Texas,https://lakeway-tx.gov
Liberal,Kansas,https://cityofliberal.org
Phoenixville,Pennsylvania,https://phoenixville.org
Gautier,Mississippi,https://gautier-ms.gov
Terrell,Texas,https://cityofterrell.org
Lebanon,Oregon,https://lebanonoregon.gov
Seagoville,Texas,https://seagoville.us
Palestine,Texas,https://cityofpalestinetx.com
Chowchilla,California,https://cityofchowchilla.org
Winder,Georgia,https://barrowga.org
Brownwood,Texas,https://brownwoodtexas.gov
Weirton,West Virginia,https://cityofweirton.com
Hopkins,Minnesota,https://hopkinsmn.com
Arcata,California,https://cityofarcata.org
Ocean Springs,Mississippi,https://oceansprings-ms.gov
Centralia,Washington,https://cityofcentralia.com
Tallmadge,Ohio,https://tallmadgeoh.gov
Oconomowoc,Wisconsin,https://oconomowoc-wi.gov
Lenoir,North Carolina,https://cityoflenoir.com
Sycamore,Illinois,https://cityofsycamore.com
Trenton,Michigan,https://trentonmi.org
Colonial Heights,Virginia,https://colonialheightsva.gov
Amsterdam,New York,https://amsterdamny.gov
Colonial Park,Pennsylvania,https://lowerpaxton-pa.gov
White Settlement,Texas,https://wstx.us
Siloam Springs,Arkansas,https://siloamsprings.com
Johnstown,Colorado,https://johnstownco.gov
Stuart,Florida,https://stuartfl.gov
Anoka,Minnesota,https://anokacountymn.gov
Los Lunas,New Mexico,https://loslunasnm.gov
Hope Mills,North Carolina,https://townofhopemills.com
Bay City,Texas,https://cityofbaycity.org
Clemson,South Carolina,https://clemsoncity.org
Calverton,Maryland,https://calvertcountymd.gov
Holly Springs,Georgia,https://hollyspringsga.us
Goodlettsville,Tennessee,https://goodlettsville.gov
Camano,Washington,https://islandcountywa.gov
Takoma Park,Maryland,https://takomaparkmd.gov
Melissa,Texas,https://cityofmelissa.com
Cortland,New York,https://cortland.org
Heber,Utah,https://heberut.gov
Shelbyville,Kentucky,https://shelbyvillekentucky.com
Powder Springs,Georgia,https://cityofpowdersprings.org
Wayne,Michigan,https://cityofwayne.com
Richmond Hill,Georgia,https://richmondhill-ga.gov
Royse City,Texas,https://roysecity.com
Firestone,Colorado,https://firestoneco.gov
Stafford,Texas,https://staffordtx.gov
Danville,Kentucky,https://danvilleky.gov
Easton,Maryland,https://eastonmd.gov
Calera,Alabama,https://cityofcalera.org
Glenn Heights,Texas,https://glennheightstx.gov
Upper Grand Lagoon,Florida,https://baycountyfl.gov
Tifton,Georgia,https://tifton.net
Hampton Bays,New York,https://southamptontownny.gov
West Richland,Washington,https://westrichland.org
Cañon City,Colorado,https://canoncity.org
Fairview Park,Ohio,https://fairviewparkohio.gov
Safety Harbor,Florida,https://cityofsafetyharbor.com
Manor,Texas,https://manortx.gov
Defiance,Ohio,https://cityofdefiance.com
Mount Vernon,Ohio,https://mtvernonoh.gov
Donna,Texas,https://cityofdonna.org
Taylor,Texas,https://taylortx.gov
Lake Mary,Florida,https://lakemaryfl.com
Waterville,Maine,https://waterville-me.gov
Eloy,Arizona,https://eloyaz.gov
Fillmore,California,https://fillmoreca.gov
Red Wing,Minnesota,https://redwingmn.gov
Grovetown,Georgia,https://cityofgrovetown.com
Tahlequah,Oklahoma,https://cityoftahlequah.com
Kerman,California,https://cityofkerman.net
Hanover,Pennsylvania,https://hanoverboroughpa.gov
Havelock,North Carolina,https://havelocknc.us
Madison,New Jersey,https://rosenet.org
Brownsville,Florida,https://brownsvilletx.gov
River Falls,Wisconsin,https://rfcity.org
Chickasha,Oklahoma,https://chickasha.org
Lady Lake,Florida,https://ladylakefl.gov
Kings Park,New York,https://smithtownny.gov
Hewitt,Texas,https://cityofhewitt.com
Poplar Bluff,Missouri,https://poplarbluff-mo.gov
Douglas,Arizona,https://douglasaz.gov
Ripon,California,https://cityofripon.org
Hibbing,Minnesota,https://hibbingmn.gov
Opa-locka,Florida,https://opalockafl.gov
Southern Pines,North Carolina,https://southernpines.net
Artesia,California,https://cityofartesia.us
Niceville,Florida,https://cityofniceville.org
Lynden,Washington,https://lyndenwa.org
South Houston,Texas,https://southhoustontx.gov
Highland Village,Texas,https://highlandvillage.org
La Grange,Illinois,https://villageoflagrange.com
Indianola,Iowa,https://indianolaiowa.gov
Frederick,Colorado,https://frederickco.gov
Clarksburg,West Virginia,https://cityofclarksburgwv.com
Grimes,Iowa,https://grimesiowa.gov
Gulf Shores,Alabama,https://gulfshoresal.gov
Weston,Wisconsin,https://westonwi.gov
Jamestown,North Dakota,https://jamestownnd.gov
Mitchell,South Dakota,https://cityofmitchellsd.gov
Hartselle,Alabama,https://hartselle.org
Jackson,Missouri,https://jacksonmo.org
Andover,Kansas,https://andoverks.gov
Greenwood Village,Colorado,https://greenwoodvillage.com
La Palma,California,https://lapalmaca.gov
Tenafly,New Jersey,https://tenaflynj.org
Front Royal,Virginia,https://frontroyalva.com
Vandalia,Ohio,https://vandaliaohio.org
Depew,New York,https://villageofdepew.org
Monroe,Ohio,https://monroeohio.org
Hudson,Wisconsin,https://hudsonwi.gov
Susanville,California,https://cityofsusanville.gov
West University Place,Texas,https://westutx.gov
Boulder City,Nevada,https://bcnv.org
Oldsmar,Florida,https://myoldsmar.com
Davidson,North Carolina,https://townofdavidson.org
Greensburg,Pennsylvania,https://westmorelandcountypa.gov
Lebanon,New Hampshire,https://lebanonnh.gov
Worthington,Ohio,https://worthington.org
Whitefish Bay,Wisconsin,https://wfbvillage.gov
Ramsey,New Jersey,https://ramseynj.com
Sterling,Illinois,https://sterling-il.gov
Monticello,Minnesota,https://monticellomn.gov
Fraser,Michigan,https://frasercitymi.gov
Swansea,Illinois,https://swanseail.org
Edgewater,New Jersey,https://edgewaternj.org
Verona,Wisconsin,https://veronawi.gov
Brainerd,Minnesota,https://crowwing.gov
North New Hyde Park,New York,https://hydeparkny.us
Huron,South Dakota,https://huronsd.gov
Chesterton,Indiana,https://chestertonin.org
East Milton,Florida,https://miltonfl.org
Jefferson,Georgia,https://jeffersonga.gov
Jacksonville,Texas,https://jacksonvilletx.org
East Wenatchee,Washington,https://eastwenatcheewa.gov
Lakewood Park,Florida,https://mywaltonfl.gov
Lakeland,Tennessee,https://lakelandtn.gov
New Ulm,Minnesota,https://newulmmn.gov
Mill Valley,California,https://cityofmillvalley.gov
Newport,Kentucky,https://newportky.gov
Midlothian,Illinois,https://villageofmidlothian.net
Destin,Florida,https://cityofdestin.com
Pierre,South Dakota,https://cityofpierre.org
Sharonville,Ohio,https://sharonville.org
McPherson,Kansas,https://mcpcity.com
Forest Hill,Texas,https://foresthilltx.org
Glenpool,Oklahoma,https://glenpoolonline.com
Channahon,Illinois,https://channahon.org
Beachwood,Ohio,https://beachwoodohio.com
New Franklin,Ohio,https://newfranklin.org
Cornelius,Oregon,https://corneliusor.gov
Seabrook,Texas,https://seabrooktx.gov
Hockessin,Delaware,https://newcastlede.gov
Martinsville,Virginia,https://martinsville-va.gov
Fruita,Colorado,https://fruita.org
New Providence,New Jersey,https://newprov.us
New Carrollton,Maryland,https://newcarrolltonmd.gov
Eatontown,New Jersey,https://eatontownnj.com
Glen Carbon,Illinois,https://glencarbonil.gov
King City,California,https://kingcity.com
Harrison,Ohio,https://harrisonohio.gov
Trophy Club,Texas,https://trophyclub.org
Kilgore,Texas,https://cityofkilgore.com
Chino Valley,Arizona,https://chinoaz.net
Lake Forest Park,Washington,https://cityoflfp.gov
Western Springs,Illinois,https://wsprings.com
Atlantic Beach,Florida,https://coab.us
Henderson,Texas,https://hendersontx.us
Steamboat Springs,Colorado,https://steamboatsprings.net
Portland,Tennessee,https://cityofportlandtn.gov
Trenton,Ohio,https://trentonoh.gov
Callaway,Florida,https://cityofcallaway.com
Loveland,Ohio,https://lovelandoh.gov
Tega Cay,South Carolina,https://tegacaysc.org
Fernandina Beach,Florida,https://fbfl.us
La Grange Park,Illinois,https://lagrangepark.org
Waconia,Minnesota,https://waconiamn.gov
North Palm Beach,Florida,https://village-npb.org
Tomball,Texas,https://tomballtx.gov
Blytheville,Arkansas,https://cityofblytheville.com
Athens,Texas,https://athenstx.gov
Festus,Missouri,https://festusmo.gov
Miami,Oklahoma,https://miamiokla.net
Ionia,Michigan,https://cityofionia.org
Jennings,Missouri,https://cityofjennings.org
El Dorado,Kansas,https://eldoks.gov
Vadnais Heights,Minnesota,https://cityvadnaisheights.com
Branson,Missouri,https://bransonmo.gov
San Anselmo,California,https://townofsananselmo.org
Grover Beach,California,https://grover.org
Edgewood,Washington,https://cityofedgewood.org
Eufaula,Alabama,https://eufaulaalabama.com
Wickliffe,Ohio,https://cityofwickliffe.com
Brown Deer,Wisconsin,https://browndeerwi.org
Gaffney,South Carolina,https://cityofgaffney-sc.gov
Ridgefield,Washington,https://ridgefieldwa.us
Geneva,New York,https://cityofgenevany.gov
Artesia,New Mexico,https://artesianm.gov
Spearfish,South Dakota,https://spearfish.gov
Cottonwood,Arizona,https://cottonwoodaz.gov
North St. Paul,Minnesota,https://northstpaul.org
Winnetka,Illinois,https://villageofwinnetka.org
Cascades,Virginia,https://cascadesva.com
Liberty Lake,Washington,https://libertylakewa.gov
Borger,Texas,https://borgertx.gov
Tehachapi,California,https://liveuptehachapi.com
Jefferson Hills,Pennsylvania,https://boroughofjeffersonhills.org
Crestwood,Missouri,https://cityofcrestwood.org
Grafton,Wisconsin,https://villageofgraftonwi.gov
Leeds,Alabama,https://leedsalabama.gov
Milford,Delaware,https://cityofmilford.com
Scotts Valley,California,https://scottsvalley.gov
Big Lake,Minnesota,https://biglakemn.org
St. Peter,Minnesota,https://saintpetermn.gov
Finneytown,Ohio,https://springfieldtwp.org
Key Largo,Florida,https://monroecounty-fl.gov
Archdale,North Carolina,https://archdale-nc.gov
Red Bank,Tennessee,https://redbanktn.gov
Palos Heights,Illinois,https://palosheights.org
Richfield,Wisconsin,https://richfieldwi.gov
Evanston,Wyoming,https://evanstonwy.org
Vermillion,South Dakota,https://vermillion.us
Los Alamitos,California,https://cityoflosalamitos.org
Lawrenceburg,Tennessee,https://lawrenceburgtn.gov
Emmaus,Pennsylvania,https://emmauspa.gov
Burley,Idaho,https://burleyidaho.org
Douglas,Georgia,https://cityofdouglasga.gov
Berthoud,Colorado,https://berthoud.org
Bellmawr,New Jersey,https://bellmawr.com
Granbury,Texas,https://granbury.org
Mendota Heights,Minnesota,https://mendotaheightsmn.gov
Plano,Illinois,https://cityofplanoil.com
Town and Country,Missouri,https://town-and-country.org
Norton,Ohio,https://cityofnorton.org
West Point,Utah,https://westpointutah.gov
Wellington,Colorado,https://wellingtoncolorado.gov
Fort Morgan,Colorado,https://cityoffortmorgan.com
Four Corners,Texas,https://farmersbranchtx.gov
Kings Mountain,North Carolina,https://cityofkm.com
Schiller Park,Illinois,https://villageofschillerpark.com
Winton,California,https://countyofmerced.com
Belgrade,Montana,https://belgrademt.gov
Oregon,Wisconsin,https://oregonwi.gov
Okmulgee,Oklahoma,https://okmulgeeonline.com
Cocoa Beach,Florida,https://cityofcocoabeach.com
Fountain Inn,South Carolina,https://fountaininn.org
Fredericksburg,Texas,https://fbgtx.org
Westwood,New Jersey,https://westwoodnj.gov
Brooklyn,Ohio,https://brooklynohio.gov
Belle Chasse,Louisiana,https://plaqueminesparish.gov
Monument,Colorado,https://townofmonument.org
Guthrie,Oklahoma,https://cityofguthrie.com
Burkburnett,Texas,https://burkburnett.org
Pompton Lakes,New Jersey,https://pomptonlakes-nj.gov
Beachwood,New Jersey,https://beachwoodusa.com
Elgin,Texas,https://elgintexas.gov
Magnolia,Arkansas,https://magnolia-ar.com
Malvern,Arkansas,https://malvernar.gov
Manville,New Jersey,https://manvillenj.org
Cleveland,Mississippi,https://cityofclevelandms.com
Pleasant Hill,Iowa,https://pleasanthilliowa.org
Atchison,Kansas,https://atchisoncountyks.org
Pompton Plains,New Jersey,https://peqtwp.org
Jackson,Wyoming,https://jacksonwy.gov
Worth,Illinois,https://villageofworth.com
Broomall,Pennsylvania,https://marpletwp.com
Calimesa,California,https://calimesa.gov
Richmond Heights,Ohio,https://richmondheightsohio.org
Fair Oaks Ranch,Texas,https://fairoaksranchtx.org
Le Mars,Iowa,https://lemarsiowa.com
Bonham,Texas,https://cityofbonham.org
Sleepy Hollow,New York,https://sleepyhollowny.gov
Pingree Grove,Illinois,https://villageofpingreegrove.org
Vienna,West Virginia,https://vienna-wv.com
Palatka,Florida,https://palatka-fl.gov
River Grove,Illinois,https://rivergroveil.gov
La Plata,Maryland,https://townoflaplata.org
Rifle,Colorado,https://rifleco.org
Rockport,Texas,https://rockporttx.gov
Tipp City,Ohio,https://tippcityohio.gov
Alpine,Utah,https://alpineut.gov
Fort Madison,Iowa,https://fortmadison-ia.com
Safford,Arizona,https://cityofsafford.us
Baker City,Oregon,https://bakercity.com
Warrenton,Virginia,https://warrentonva.gov
Trumbull Center,Connecticut,https://trumbull-ct.gov
Corte Madera,California,https://cortemadera.gov
Spring Valley Lake,California,https://lakecountyca.gov
Murrells Inlet,South Carolina,https://gtcounty.org
Winfield,Illinois,https://villageofwinfield.com
Roanoke,Texas,https://roanoketexas.gov
Vernon,Texas,https://vernontx.gov
Green Cove Springs,Florida,https://greencovesprings.com
Jesup,Georgia,https://jesupga.gov
Greencastle,Indiana,https://cityofgreencastle.com
Ingleside,Texas,https://inglesidetx.gov
Alamosa,Colorado,https://alamosacounty.org
DeRidder,Louisiana,https://cityofderidder.org
Thomaston,Georgia,https://cityofthomaston.com
Morehead City,North Carolina,https://moreheadcitync.org
Flossmoor,Illinois,https://flossmoor.org
Canal Winchester,Ohio,https://canalwinchesterohio.gov
Burlington,Washington,https://burlingtonwa.gov
Ogdensburg,New York,https://ogdensburg.org
North College Hill,Ohio,https://northcollegehill.org
Anaconda,Montana,https://adlc.us
Chevy Chase,Maryland,https://townofchevychase.org
Terrace Heights,Washington,https://yakimacounty.us
The Village,Oklahoma,https://thevillageok.gov
Fairfield,Iowa,https://cityoffairfieldiowa.com
Lago Vista,Texas,https://lagovistatexas.gov
Severance,Colorado,https://townofseverance.org
Sanger,Texas,https://sangertexas.org
Charlotte,Michigan,https://charlottemi.gov
Delta,Colorado,https://deltacountyco.gov
Brooksville,Florida,https://cityofbrooksville.us
Palm Beach,Florida,https://townofpalmbeach.com
Glenshaw,Pennsylvania,https://shaler.org
East Grand Forks,Minnesota,https://eastgrandforks.us
Tiburon,California,https://townoftiburon.org
Indian Harbour Beach,Florida,https://indianharbourbeach.org
Purcellville,Virginia,https://purcellvilleva.gov
Kennedale,Texas,https://cityofkennedale.com
Clanton,Alabama,https://clantonal.gov
Whippany,New Jersey,https://hanovertownship.com
St. Pete Beach,Florida,https://stpetebeach.org
Park Forest Village,Pennsylvania,https://villageofparkforest.com
Aransas Pass,Texas,https://aptx.gov
Boonton,New Jersey,https://boonton.org
Paloma Creek South,Texas,https://dentoncounty.gov
Whitehouse,Texas,https://whitehousetx.org
Lancaster,South Carolina,https://lancastercountysc.gov
Smithfield,Virginia,https://smithfieldva.gov
Wyoming,Ohio,https://wyomingohio.gov
Milliken,Colorado,https://millikenco.gov
Rock Falls,Illinois,https://whitesidecountyil.gov
Clarendon Hills,Illinois,https://clarendonhills.us
Olmsted Falls,Ohio,https://olmstedtownshipohio.gov
Cumberland Hill,Rhode Island,https://cumberlandri.org
Chanute,Kansas,https://chanute.org
Fort Riley,Kansas,https://rileycountyks.gov
Napoleon,Ohio,https://henrycountyohio.gov
Skiatook,Oklahoma,https://cityofskiatook.com
Sallisaw,Oklahoma,https://sallisawok.org
Summit Park,Utah,https://summitcountyutah.gov
Olivette,Missouri,https://olivettemo.com
Perryville,Missouri,https://cityofperryville.com
Hondo,Texas,https://hondo-tx.org
Swissvale,Pennsylvania,https://swissvaleborough.com
Fort Lupton,Colorado,https://fortluptonco.gov
Hampton,Georgia,https://hamptonga.gov
Conover,North Carolina,https://conovernc.gov
Collinsville,Oklahoma,https://cityofcollinsville.com
Black Mountain,North Carolina,https://townofblackmountain.org
Hastings-on-Hudson,New York,https://hohny.gov
Center Line,Michigan,https://centerline.gov
Lake Geneva,Wisconsin,https://cityoflakegeneva.gov
Plumas Lake,California,https://plumascounty.us
Grandview Heights,Ohio,https://grandviewheights.gov
Whitefish,Montana,https://cityofwhitefish.gov
Mont Belvieu,Texas,https://montbelvieu.net
Atmore,Alabama,https://welcometoatmore.com
Upper Saddle River,New Jersey,https://usrtoday.org
Stanwood,Washington,https://stanwoodwa.org
Kenilworth,New Jersey,https://kenilworthborough.com
Newton,New Jersey,https://newtontownhall.com
Clinton,North Carolina,https://cityofclintonnc.com
St. Marys,Ohio,https://cityofstmarys.net
Twin Lakes,Colorado,https://lakecountyco.gov
Duvall,Washington,https://duvallwa.gov
Orange Beach,Alabama,https://orangebeachal.gov
Mount Rainier,Maryland,https://mountrainiermd.org
Downingtown,Pennsylvania,https://downingtown.org
Springfield,Florida,https://springfieldmo.gov
Brentwood,Missouri,https://brentwoodmo.org
Cleveland,Texas,https://clevelandtexas.com
Sequim,Washington,https://sequimwa.gov
Applewood,Colorado,https://jeffco.us
Charlestown,Indiana,https://cityofcharlestown.com
Providence Village,Texas,https://pvtx.gov
Spotswood,New Jersey,https://spotswoodboro.com
Alliance,Nebraska,https://cityofalliance.net
Whitmore Lake,Michigan,https://washtenaw.org
Middleborough Center,Massachusetts,https://middleboroughma.gov
Vinton,Virginia,https://vintonva.gov
Port Jefferson,New York,https://portjeff.com
Pismo Beach,California,https://pismobeach.org
Kaufman,Texas,https://kaufmancounty.net
Nevada,Missouri,https://nevadamo.gov
Piedmont,Oklahoma,https://piedmont-ok.gov
Quincy,Washington,https://quincywashington.us
West Livingston,Texas,https://cityoflivingston-tx.com
Dalhart,Texas,https://dalharttx.gov
Jackson,Wisconsin,https://villageofjacksonwi.gov
Blair,Nebraska,https://blairnebraska.org
Westlake Village,California,https://wlv.org
Jersey Village,Texas,https://jerseyvillage.gov
Grand Ledge,Michigan,https://cityofgrandledge.com
Brevard,North Carolina,https://cityofbrevard.com
Tuttle,Oklahoma,https://tuttleok.gov
Kill Devil Hills,North Carolina,https://kdhnc.com
St. Johns,Michigan,https://clinton-county.org
Fairlawn,Ohio,https://fairlawn.us
Shorewood,Minnesota,https://shorewoodmn.gov
Inverness,Florida,https://inverness-fl.gov
Ashland,Virginia,https://ashlandva.gov
Collinsville,Virginia,https://henrycountyva.gov
Farmville,Virginia,https://farmvilleva.com
Marshfield,Missouri,https://marshfieldmo.gov
Fort Scott,Kansas,https://fscity.org
Cotati,California,https://cotaticity.gov
Iron Mountain,Michigan,https://cityofironmountain.com
Lampasas,Texas,https://lampasas.org
North Riverside,Illinois,https://northriverside-il.org
Knoxville,Iowa,https://knoxvilleia.gov
Wickenburg,Arizona,https://wickenburgaz.gov
Winters,California,https://cityofwinters.org
South Apopka,Florida,https://apopka.gov
Mascotte,Florida,https://cityofmascotte.com
Pleasantville,New York,https://pleasantville-ny.gov
McCook,Nebraska,https://cityofmccook.com
Sunbury,Ohio,https://sunburyohio.org
Briarcliff Manor,New York,https://briarcliffmanor.gov
Charles City,Iowa,https://cityofcharlescity.org
Washington,New Jersey,https://washingtonboro-nj.gov
Marble Falls,Texas,https://marblefallstx.gov
Kingsland,Texas,https://kingslandmud.com
Mansfield Center,Massachusetts,https://mansfieldma.com
Delafield,Wisconsin,https://cityofdelafieldwi.gov
Wetumpka,Alabama,https://wetumpkaal.gov
Lincoln,Alabama,https://lincolnalabama.com
Lionville,Pennsylvania,https://uwchlan.com
Decatur,Texas,https://decaturtx.org
Alta Sierra,California,https://nevadacountyca.gov
St. Joseph,Minnesota,https://cityofstjoseph.com
Milltown,New Jersey,https://milltownnj.org
Fair Plain,Michigan,https://montcalm.us
Belfast,Maine,https://cityofbelfast.org
Sudden Valley,Washington,https://whatcomcounty.us
Greenbrier,Tennessee,https://greenbriertn.org
Roosevelt,Utah,https://rooseveltcity.com
Lincroft,New Jersey,https://middletownnj.org
Litchfield Park,Arizona,https://litchfieldpark.gov
Mexia,Texas,https://cityofmexia.com
Aspen,Colorado,https://aspen.gov
Thomson,Georgia,https://thomson-mcduffie.gov
Litchfield,Illinois,https://cityoflitchfieldil.com
Lake Alfred,Florida,https://mylakealfred.com
Roeland Park,Kansas,https://roelandpark.net
Marshall,Michigan,https://cityofmarshall.com
Paradise,California,https://pidwater.com
Fox Point,Wisconsin,https://villageoffoxpoint.com
Purcell,Oklahoma,https://purcellok.gov
Delano,Minnesota,https://delanomn.gov
Liberty Hill,Texas,https://libertyhilltx.gov
Bedford,Virginia,https://bedfordva.gov
Steilacoom,Washington,https://townofsteilacoom.org
Bridgewater,Virginia,https://rockinghamcountyva.gov
Aubrey,Texas,https://aubreytx.gov
Black Jack,Missouri,https://cityofblackjack.com
Hapeville,Georgia,https://hapeville.org
Pratt,Kansas,https://cityofprattks.com
Bronxville,New York,https://villageofbronxville.gov
Swarthmore,Pennsylvania,https://swarthmorepa.org
Taos,New Mexico,https://taosnm.gov
Blue Bell,Pennsylvania,https://whitpaintownship.org
Abilene,Kansas,https://abilenecityhall.com
Thurmont,Maryland,https://thurmont.com
Colusa,California,https://countyofcolusaca.gov
Dacono,Colorado,https://cityofdacono.com
Monticello,Illinois,https://cityofmonticello.net
Clyde,Ohio,https://clydeohio.org
Bethel,Alaska,https://cityofbethel.org
DeFuniak Springs,Florida,https://defuniaksprings.net
Manistee,Michigan,https://manisteemi.gov
Yardville,New Jersey,https://hamiltonnj.com
Brookville,Ohio,https://brookvilleohio.com
Prosser,Washington,https://cityofprosser.com
Exton,Pennsylvania,https://chesco.org
Bridgeport,Texas,https://cityofbridgeport.net
Torrington,Wyoming,https://torringtonwy.gov
Lake Fenton,Michigan,https://cityoffenton.org
Independence,Iowa,https://independenceia.gov
Cheverly,Maryland,https://cheverly-md.gov
Little Silver,New Jersey,https://littlesilvernj.gov
Cheshire Village,Connecticut,https://cheshirect.gov
Three Oaks,Florida,https://fortmyersbeachfl.gov
Fruit Heights,Utah,https://fruitheightscity.com
Eudora,Kansas,https://cityofeudoraks.gov
Lake City,South Carolina,https://lakecitysc.gov
Bellefonte,Pennsylvania,https://centrecountypa.gov
Pine Brook,New Jersey,https://montvillenj.org
Hamlet,North Carolina,https://richmondnc.com
Clearfield,Pennsylvania,https://clearfieldcountypa.gov
Wilmer,Texas,https://cityofwilmer.net
Lakehills,Texas,https://westlakehills.org
Media,Pennsylvania,https://mediaborough.com
Woodstock,Virginia,https://woodstockva.gov
Windcrest,Texas,https://windcrest-tx.gov
Bay Harbor Islands,Florida,https://bayharborislands-fl.gov
Parker,Texas,https://parkertexas.us
Franklin Center,New Jersey,https://franklintownshipnj.org
Sultan,Washington,https://sultanwa.gov
Oxford,Pennsylvania,https://oxfordboro.org
Poolesville,Maryland,https://poolesvillemd.gov
Waynesboro,Georgia,https://waynesboroga.com
Hartford City,Indiana,https://blackfordcounty.com
Milton,Wisconsin,https://milton-wi.gov
Northfield,Illinois,https://northfieldil.org
Kermit,Texas,https://kermittx.gov
Kayenta,Arizona,https://navajocountyaz.gov
Jackson,Georgia,https://jacksoncountygov.com
Pelham Manor,New York,https://pelhammanor.org
North Windham,Maine,https://windhammaine.us
West Modesto,California,https://modestogov.com
Waterford,Wisconsin,https://waterfordwi.gov
Imperial,Missouri,https://jeffcomo.org
Leesville,Louisiana,https://leesvillela.gov
Dundee,Michigan,https://dundeevillage.net
La Habra Heights,California,https://lhhcity.org
Sinton,Texas,https://sintontexas.org
Luling,Texas,https://cityofluling.net
Rockdale,Texas,https://rockdaletx.gov
Palermo,California,https://buttecounty.net
Alvarado,Texas,https://cityofalvarado.org
Oak Point,Texas,https://oakpointtexas.com
Colby,Kansas,https://cityofcolbyks.gov
Cape May Court House,New Jersey,https://capemaycountynj.gov
Goddard,Kansas,https://goddardks.gov
Cortez,Florida,https://cortezco.gov
Moab,Utah,https://moabcity.gov
Buckley,Washington,https://cityofbuckley.com
Flagler Beach,Florida,https://cityofflaglerbeach.com
Highwood,Illinois,https://cityofhighwood.com
Brady,Texas,https://bradytx.us
Chadron,Nebraska,https://chadron-nebraska.com
Woodside,California,https://woodsideca.gov
Windsor Heights,Iowa,https://windsorheights.org
Daytona Beach Shores,Florida,https://dbshores.org
Kingsford,Michigan,https://kingsfordmi.gov
Monee,Illinois,https://villageofmonee.org
Eureka,Illinois,https://woodford-county.org
Davison,Michigan,https://cityofdavisonmi.gov
Justin,Texas,https://cityofjustin.com
Louisburg,Kansas,https://louisburgkansas.gov
Cave Creek,Arizona,https://cavecreekaz.gov
Myrtletown,California,https://humboldtgov.org
Orange,Virginia,https://orangecountyva.gov
Argyle,Texas,https://argyletx.com
Bisbee,Arizona,https://bisbeeaz.gov
Rocky Mount,Virginia,https://rockymountva.org
Dellwood,Missouri,https://cityofdellwoodmo.com
Abbeville,South Carolina,https://abbevillecitysc.com
King George,Virginia,https://kinggeorgecountyva.gov
Pilot Point,Texas,https://pilotpointtx.gov
Point Pleasant Beach,New Jersey,https://pointpleasantbeach.org
Ashland,Missouri,https://ashlandmo.us
Watertown,Minnesota,https://watertownmn.gov
Dansville,New York,https://livingstoncountyny.gov
Edwardsville,Kansas,https://edwardsvilleks.org
Le Claire,Iowa,https://leclaireiowa.gov
Osage Beach,Missouri,https://osagebeach-mo.gov
Madison,Georgia,https://madisonga.com
West Elmira,New York,https://cityofelmira.net
Berryville,Virginia,https://berryvilleva.gov
Pittsboro,North Carolina,https://pittsboronc.gov
Boiling Springs,North Carolina,https://boilingspringsnc.gov
Barnwell,South Carolina,https://barnwellcountysc.us
Folkston,Georgia,https://charltoncountyga.us
Butler,Missouri,https://cityofbutlermo.com
Pinardville,New Hampshire,https://goffstownnh.gov
Raeford,North Carolina,https://hokecounty.net
Horseshoe Bay,Texas,https://horseshoe-bay-tx.gov
Fremont,Michigan,https://cityoffremont.net
Hearne,Texas,https://cityofhearne.org
Seat Pleasant,Maryland,https://seatpleasantmd.gov
Mabank,Texas,https://cityofmabanktx.org
Honesdale,Pennsylvania,https://waynecountypa.gov
Lee Acres,New Mexico,https://leacounty.net
North Plymouth,Massachusetts,https://plymouth-ma.gov
Vandercook Lake,Michigan,https://mijackson.org
Bloomfield Hills,Michigan,https://bloomfieldhillsmi.net
Thornwood,New York,https://mtpleasantny.gov
Longview Heights,Washington,https://mylongview.com
Pearl River,Mississippi,https://pearlrivercounty.net
Pittsburg,Texas,https://pittsburgtx.gov
Armonk,New York,https://northcastleny.com
Prescott,Wisconsin,https://prescottwi.org
North Wilkesboro,North Carolina,https://north-wilkesboro.com
Sykesville,Maryland,https://townofsykesville.org
Mathis,Texas,https://cityofmathis.com
Chelan,Washington,https://cityofchelan.us
Crandall,Texas,https://crandalltexas.com
Saukville,Wisconsin,https://villageofsaukvillewi.gov
Highland Beach,Florida,https://highlandbeach.us
Russell,Kansas,https://russellcity.org
Hometown,Illinois,https://cityofhometown.org
Ovilla,Texas,https://cityofovilla.org
Surfside Beach,South Carolina,https://surfsidebeach.org
Chagrin Falls,Ohio,https://chagrin-falls.org
Northwest Harwich,Massachusetts,https://harwich-ma.gov
Le Sueur,Minnesota,https://cityoflesueur.com
Park Layne,Ohio,https://clarkcountyohio.gov
Lisbon Falls,Maine,https://lisbonmaine.gov
Pipestone,Minnesota,https://progressivepipestone.com
Surf City,North Carolina,https://surfcitync.gov
Benson,North Carolina,https://townofbenson.com
Rice Lake,Minnesota,https://ricecountymn.gov
Pinetop-Lakeside,Arizona,https://pinetoplakesideaz.gov
Otsego,Michigan,https://otsegocountymi.gov
Montauk,New York,https://ehamptonny.gov
Marseilles,Illinois,https://lasallecountyil.gov
Mary Esther,Florida,https://cityofmaryesther.com
South Eliot,Maine,https://eliotme.gov
Indian Head Park,Illinois,https://indianheadpark-il.gov
Castle Hills,Texas,https://cityofcastlehills.com
Shenandoah Farms,Virginia,https://warrencountyva.gov
South Chicago Heights,Illinois,https://southchicagoheights.com
Colonial Beach,Virginia,https://colonialbeachva.gov
Emerald Isle,North Carolina,https://emeraldisle-nc.org
Centerville,Minnesota,https://centervillemn.com
Valdez,Alaska,https://valdezak.gov
Fairbury,Nebraska,https://fairburyne.org
Nichols Hills,Oklahoma,https://nicholshills-ok.gov
Portland,Michigan,https://portland-michigan.org
Fort Gibson,Oklahoma,https://fortgibson.net
Horicon,Wisconsin,https://horiconwi.gov
Cedarville,Ohio,https://greenecountyohio.gov
Aledo,Illinois,https://aledoil.gov
Deer Park,Illinois,https://villageofdeerpark.com
Richfield,Ohio,https://richfieldvillageohio.org
Chipley,Florida,https://cityofchipley.com
Eastlawn Gardens,Pennsylvania,https://easttown.org
West Columbia,Texas,https://westcolumbiatx.org
Shenandoah,Texas,https://shenandoahtx.us
East Sandwich,Massachusetts,https://sandwichmass.org
Oakland,Florida,https://oaklandfl.gov
Mission Hills,Kansas,https://missionhillsks.gov
Lake Delton,Wisconsin,https://lakedeltonwi.gov
Monte Sereno,California,https://montesereno.org
Llano,Texas,https://cityofllano.com
Chandler,Texas,https://chandlertx.com
Yountville,California,https://townofyountville.com
Winnsboro,Texas,https://cityofwinnsboro.org
Avalon,California,https://cityofavalon.gov
Larned,Kansas,https://cityoflarned.org
Blountville,Tennessee,https://blounttn.gov
Union,New Jersey,https://uniontownship.com
West Wyomissing,Pennsylvania,https://wyomissingboro.org
Burgaw,North Carolina,https://burgawnc.gov
Howards Grove,Wisconsin,https://howardsgrovewi.gov
Perkins,Oklahoma,https://cityofperkins.net
Crestview Hills,Kentucky,https://crestviewhills.com
Cleveland,Oklahoma,https://cityofclevelandok.com
Lodi,Wisconsin,https://cityoflodi.us
Weaverville,California,https://trinitycounty.org
West Burlington,Iowa,https://westburlingtoniowa.gov
Blue Earth,Minnesota,https://blueearthcountymn.gov
Daleville,Virginia,https://botetourtva.gov
Burlington,Colorado,https://burlingtoncolo.com
Nags Head,North Carolina,https://nagsheadnc.gov
Early,Texas,https://earlytx.net
Watkinsville,Georgia,https://cityofwatkinsville.com
Brimfield,Ohio,https://brimfieldohio.gov
Chenango Bridge,New York,https://chenangocountyny.gov
Shenandoah,Virginia,https://shenandoahcountyva.gov
Tybee Island,Georgia,https://cityoftybee.org
Parowan,Utah,https://parowan.gov
Narragansett Pier,Rhode Island,https://narragansettri.gov
Cactus,Texas,https://cityofcactus.org
Castroville,Texas,https://castrovilletx.gov
Minden,Nebraska,https://mindennebraska.org
Jacksonville,Oregon,https://jacksonvilleor.us
Williams Bay,Wisconsin,https://greenbaywi.gov
Buena Vista,Colorado,https://buenavistaco.gov
Noroton Heights,Connecticut,https://darienct.gov
Wise,Virginia,https://wisecounty.org
Kechi,Kansas,https://kechiks.gov
Ferris,Texas,https://ferristexas.gov
Hamilton,Texas,https://hamiltontexas.com
North Seekonk,Massachusetts,https://seekonk-ma.gov
Wimberley,Texas,https://cityofwimberley.com
Rineyville,Kentucky,https://hardincountyky.gov
Shady Shores,Texas,https://shady-shores.com
Littleton Common,Massachusetts,https://littletonma.org
Osage City,Kansas,https://osagecity.com
North Zanesville,Ohio,https://coz.org
Albany,Minnesota,https://stearnscountymn.gov
Crewe,Virginia,https://townofcrewe.com
West Wareham,Massachusetts,https://wareham.gov
Glen Rose,Texas,https://somervell.co
Cecil-Bishop,Pennsylvania,https://ceciltownship-pa.gov
Van,Texas,https://vantx.gov
Girard,Kansas,https://girardkansas.gov
Plainsboro Center,New Jersey,https://plainsboronj.com
University Park,Maryland,https://upmd.org
New Hope,Pennsylvania,https://newhopeborough.org
Devola,Ohio,https://washingtongov.org
Sugarcreek,Ohio,https://sugarcreektownship.com
Graceville,Florida,https://cityofgraceville.com
Inwood,West Virginia,https://berkeleywv.org
Horseheads North,New York,https://townofhorseheads.org
Juneau,Wisconsin,https://cityofjuneau.net
Hampton Beach,New Hampshire,https://hamptonnh.gov
Mattapoisett Center,Massachusetts,https://mattapoisett.gov
Sneads Ferry,North Carolina,https://onslowcountync.gov
Park Center,Colorado,https://parkcountyco.gov
Sterling Ranch,Colorado,https://sterlingranchcab.com
Le Center,Minnesota,https://lesueurcounty.gov
Lytle,Texas,https://lytletx.org
Piney Mountain,Virginia,https://appomattoxcountyva.gov
Piperton,Tennessee,https://pipertontn.com
Sag Harbor,New York,https://sagharborny.gov
Charlevoix,Michigan,https://charlevoixmi.gov
Bridgman,Michigan,https://bridgman.org
Gunter,Texas,https://guntertx.gov
Carlton,Oregon,https://yamhillcounty.gov
Woodcreek,Texas,https://woodcreektx.gov
Manahawkin,New Jersey,https://staffordnj.gov
Bedford Hills,New York,https://bedfordny.gov
Louisa,Virginia,https://louisacounty.gov
Geneva,Nebraska,https://genevane.org
Desoto Lakes,Florida,https://desotobocc.com
Gordon,Georgia,https://gordoncountyga.gov
Merrionette Park,Illinois,https://merrionettepark.org
Elwood,Illinois,https://villageofelwood.com
Phillipsburg,Kansas,https://cityofphillipsburg.com
Fredonia,Kansas,https://fredoniaks.org
North Warren,Pennsylvania,https://warrencountypa.gov
Dallas Center,Iowa,https://dallascountyiowa.gov
Arcola,Texas,https://arcolatexas.org
Willow Springs,Missouri,https://willowspringsmo.com
Grandview,Texas,https://cityofgrandview.org
Salt Creek Commons,Indiana,https://portercountyin.gov
Van Horn,Texas,https://vanhorntexas.org
North Eastham,Massachusetts,https://eastham-ma.gov
Kemah,Texas,https://kemahtx.gov
Atlantis,Florida,https://atlantisfl.gov
Tonopah,Nevada,https://nyecountynv.gov
Lyons,Colorado,https://townoflyons.com
West Unity,Ohio,https://williamscountyoh.gov
Fallsburg,New York,https://townoffallsburg.com
Morgan,Georgia,https://morgancountyga.gov
Veazie,Maine,https://veazie.net
Hudson,Colorado,https://hudsoncolorado.org
Hopewell,New Jersey,https://hopewelltwp.org
South Deerfield,Massachusetts,https://deerfieldma.us
Sleepy Hollow,Wyoming,https://campbellcountywy.gov
Monson Center,Massachusetts,https://monson-ma.gov
Unionville,Georgia,https://unioncountyga.gov
Pine Island Center,Florida,https://davie-fl.gov
Moundridge,Kansas,https://moundridge.com
Rio Rancho Estates,New Mexico,https://rrnm.gov
Hoback,Wyoming,https://tetoncountywy.gov
Pilot Mountain,North Carolina,https://pilotmountainnc.org
Chenoa,Illinois,https://mcleancountyil.gov
Meridian,Texas,https://bosquecounty.gov
Westlake,Texas,https://westlake-tx.org
Stockton,Kansas,https://stocktonks.com
North Granby,Connecticut,https://granby-ct.gov
Fife Heights,Washington,https://fifewa.gov
Brooklyn Heights,Ohio,https://brooklynhts.org
Oakdale,Pennsylvania,https://northfayettepa.gov
Arapahoe,Wyoming,https://northernarapaho.com
Bratenahl,Ohio,https://bratenahl.org
Fairmount Heights,Maryland,https://fairmountheightsmd.gov
Chapin,South Carolina,https://chapinsc.com
Irwindale,California,https://irwindaleca.gov
Halifax,Virginia,https://halifaxcountyva.gov
West Chatham,Massachusetts,https://chatham-ma.gov
Hasson Heights,Pennsylvania,https://venangocountypa.gov
Goochland,Virginia,https://goochlandva.us
Gilbert,Iowa,https://cityofgilbertiowa.org
Douglas,Michigan,https://douglasmi.gov
Saxonburg,Pennsylvania,https://butlercountypa.gov
Prudenville,Michigan,https://roscommoncounty.net
Bracey,Virginia,https://mecklenburgva.com
University Heights,Iowa,https://university-heights.org
Fraser,Colorado,https://frasercolorado.com
Cortland West,New York,https://cortlandcountyny.gov
Clear Lake Shores,Texas,https://clearlakeshores-tx.gov
Muhlenberg Park,Pennsylvania,https://muhlenbergtwp.com
South Ashburnham,Massachusetts,https://ashburnham-ma.gov
Marion Center,Massachusetts,https://marionma.gov
Mathews,Virginia,https://mathewscountyva.gov
Lake Catherine,Illinois,https://lakekatherine.org
Angel Fire,New Mexico,https://angelfirenm.gov
Twinsburg Heights,Ohio,https://mytwinsburg.com
Kootenai,Idaho,https://kcgov.us
Asotin,Washington,https://asotincountywa.gov
Ouray,Colorado,https://ouraycountyco.gov
Gales Ferry,Connecticut,https://ledyardct.org
West Marion,North Carolina,https://marionnc.org
Mountain View,Wyoming,https://uintacountywy.gov
Liberty Center,Ohio,https://liberty-township.com
Shelter Island Heights,New York,https://shelterislandtown.gov
Port Byron,New York,https://cayugacounty.us
Mansfield Center,Connecticut,https://mansfieldct.gov
La Conner,Washington,https://townoflaconner.org
Brunswick,North Carolina,https://brunswickcountync.gov
Castle Hayne,North Carolina,https://nhcgov.com
Bell Hill,Washington,https://dupontwa.gov
Victor,Montana,https://ravalli.us
Miamitown,Ohio,https://miamitownship.com
Beach,North Dakota,https://beachnd.com
Wilbur,Washington,https://wilburwa.gov
Laurel Hill,North Carolina,https://scotlandcounty.org
Carlton,Minnesota,https://carltoncountymn.gov
New Kent,Virginia,https://newkent-va.us
Yachats,Oregon,https://yachatsoregon.org
Jupiter Island,Florida,https://townofjupiterisland.com
Gaston,North Carolina,https://gastongov.com
McLean,Texas,https://mclennan.gov
Fairplay,Colorado,https://fairplayco.us
Sharon Springs,Kansas,https://wallacecountyks.gov
McIntosh,Minnesota,https://polkcountymn.gov
Harmony,North Carolina,https://iredellcountync.gov
Lake Kathryn,Florida,https://pbgfl.gov
Breesport,New York,https://chemungcountyny.gov
Reece City,Alabama,https://cityofgadsden.com
Middleburg,Virginia,https://middleburgva.gov
Silver Cliff,Colorado,https://silvercliffco.com
Elkville,Illinois,https://jacksoncounty-il.gov
Fripp Island,South Carolina,https://frippislandliving.com
New Hamburg,New York,https://townofhamburgny.gov
Oxford,Maryland,https://oxfordmd.gov
Iron Station,North Carolina,https://lincolncountync.gov
Perry,Missouri,https://perrycountymo.us
Clallam Bay,Washington,https://clallamcountywa.gov
Greensburg,Kansas,https://kiowacountyks.gov
Roche Harbor,Washington,https://sanjuancountywa.gov
West Goshen,California,https://westgoshen.org
Powhatan,Virginia,https://powhatanva.gov
Cascade,Montana,https://cascadecountymt.gov
Pryor,Montana,https://bighorncountymt.gov
Parkdale,Michigan,https://manisteecountymi.gov
Casper Mountain,Wyoming,https://natronacounty-wy.gov
Canal Lewisville,Ohio,https://louisvilleohio.gov
Convent,Louisiana,https://stjamesla.com
Reynolds,Illinois,https://rockislandcountyil.gov
Rollingstone,Minnesota,https://winonacounty.gov
Strabane,Pennsylvania,https://northstrabanetwp.com
Rudd,Iowa,https://floydcoia.org
Waubeka,Wisconsin,https://ozaukeecounty.gov
Hartford Village,Vermont,https://hartford-vt.org
Richmond,Kansas,https://franklincoks.org
Kent County,Michigan,https://kentcountymi.gov
Spokane County,Washington,https://spokanecounty.gov
Hampden County,Massachusetts,https://hampdenma.gov
Polk County,Florida,https://polkcountyclerk.net
Chesapeake County,Virginia,https://cityofchesapeake.net
York County,South Carolina,https://yorkcountygov.com
Kalamazoo County,Michigan,https://kalcounty.gov
Lorain County,Ohio,https://loraincountyohio.gov
Linn County,Iowa,https://linncountyiowa.gov
Hall County,Georgia,https://hallcounty.org
Washington County,Tennessee,https://washingtoncountytn.org
Williamson County,Texas,https://wilcotx.gov
Pitt County,North Carolina,https://pittcountync.gov
Essex County,Massachusetts,https://essexma.org
St. Charles County,Missouri,https://sccmo.org
Comanche County,Oklahoma,https://comanchecountyok.gov
Williamson County,Tennessee,https://williamsoncounty-tn.gov
Franklin County,Washington,https://franklincountywa.gov
Washington County,Minnesota,https://washingtoncountymn.gov
Lowndes County,Georgia,https://lowndescounty.com
Madison County,Tennessee,https://madisoncountytn.gov
Dubuque County,Iowa,https://dubuquecountyiowa.gov
Story County,Iowa,https://storycountyiowa.gov
Sarpy County,Nebraska,https://sarpy.gov
DeSoto County,Mississippi,https://desotocountyms.gov
Rensselaer County,New York,https://rensco.com
Scott County,Minnesota,https://scottcountymn.gov
Clay County,Minnesota,https://claycountymn.gov
Cole County,Missouri,https://colecounty.org
Wilson County,Tennessee,https://wilsoncountytn.gov
Kenton County,Kentucky,https://kentoncounty.org
Rowan County,North Carolina,https://rowancountync.gov
Henry County,Georgia,https://henrycountyga.gov
Liberty County,Georgia,https://libertycountyga.gov
Wayne County,North Carolina,https://waynegov.com
Albany County,Wyoming,https://albanycountywy.gov
Wood County,Ohio,https://woodcountyohio.gov
Henderson County,Kentucky,https://hendersoncountyky.gov
Douglas County,Wisconsin,https://douglascountywi.gov
Canadian County,Oklahoma,https://canadiancounty.org
Hancock County,Indiana,https://hancockin.gov
Lyon County,Kansas,https://lyoncountyks.gov
Brookings County,South Dakota,https://brookingscountysd.gov
Eaton County,Michigan,https://eatoncounty.org
Geary County,Kansas,https://gearycounty.org
Boyd County,Kentucky,https://boydcountyky.gov
Montrose County,Colorado,https://montrosecounty.net
Coffee County,Tennessee,https://coffeecountytn.gov
Rogers County,Oklahoma,https://rogerscounty.org
Box Elder County,Utah,https://boxeldercountyut.gov
Kendall County,Texas,https://kendallcountytx.gov
Clark County,Kentucky,https://clarkcoky.com
Seward County,Kansas,https://sewardcountyks.org
Camden County,Georgia,https://camdencountyga.gov
Caldwell County,North Carolina,https://caldwellcountync.org
Moore County,North Carolina,https://moorecountync.gov
Burke County,North Carolina,https://burkenc.org
Boyle County,Kentucky,https://boylecountyky.gov
Bristol County,Virginia,https://bristolva.gov
Stanly County,North Carolina,https://stanlycountync.gov
Laurens County,Georgia,https://laurenscoga.org
Sumter County,Georgia,https://sumtercountyga.us
Grand Traverse County,Michigan,https://gtcountymi.gov
Walton County,Georgia,https://waltoncountyga.gov
Fayette County,Ohio,https://fayette-co-oh.com
Beadle County,South Dakota,https://beadlesd.org
Newton County,Georgia,https://newtoncountyga.gov
Douglas County,Washington,https://douglascountywa.net
Brown County,Minnesota,https://browncountymn.gov
McPherson County,Kansas,https://mcphersoncountyks.us
Ontario County,New York,https://ontariocountyny.gov
Henry County,Illinois,https://henrycty.com
Chisago County,Minnesota,https://chisagocountymn.gov
Steuben County,New York,https://steubencountyny.gov
Green County,Wisconsin,https://greencountywi.org
Washington County,Louisiana,https://wpgov.org
Haywood County,North Carolina,https://haywoodcountync.gov
Woodford County,Kentucky,https://woodfordcountyky.gov
Alpena County,Michigan,https://alpenacounty.org
Upson County,Georgia,https://upsoncountyga.org
Grant County,New Mexico,https://grantcountynm.gov
Gratiot County,Michigan,https://gratiotmi.com
Churchill County,Nevada,https://churchillcountynv.gov
Pender County,North Carolina,https://pendercountync.gov
Morrison County,Minnesota,https://morrisoncountymn.gov
Wayne County,New York,https://waynecountyny.gov
Granville County,North Carolina,https://granvillecounty.org
Covington County,Alabama,https://covingtoncountyal.gov
Montgomery County,Kansas,https://mgcountyks.org
Queen Anne's County,Maryland,https://qac.org
Neosho County,Kansas,https://neoshocountyks.org
Chambers County,Texas,https://chamberscountytx.gov
Preble County,Ohio,https://prebco.org
Ketchikan Gateway County,Alaska,https://kgbak.us
Teller County,Colorado,https://tellercounty.gov
Lincoln County,South Dakota,https://lincolncountysd.gov
Logan County,Kentucky,https://logancountyky.gov
West Baton Rouge County,Louisiana,https://wbrparish.org
Pitkin County,Colorado,https://pitkincounty.com
Pratt County,Kansas,https://prattcounty.org
Taos County,New Mexico,https://taoscounty.org
Goshen County,Wyoming,https://goshencountywy.gov
Grant County,Kansas,https://grantcoks.org
Miami County,Kansas,https://miamicountyks.org
Cass County,Michigan,https://casscountymi.org
Washington County,Georgia,https://washingtoncountyga.gov
Kodiak Island County,Alaska,https://kodiakak.us
Grand County,Utah,https://grandcountyutah.net
Jefferson County,Idaho,https://jcgov.us
Mills County,Iowa,https://millscountyiowa.gov
Caroline County,Maryland,https://carolinemd.org
Murray County,Georgia,https://murraycountyga.org
Elbert County,Georgia,https://elbertcounty-co.gov
Russell County,Kansas,https://russellcountykansas.com
Pottawatomie County,Kansas,https://pottcounty.org
Dawson County,Georgia,https://dawsoncountyga.gov
Norton County,Virginia,https://nortonva.gov
Greene County,Georgia,https://greenecountyga.gov
Duplin County,North Carolina,https://duplinnc.gov
Jackson County,Kansas,https://jacksoncountyks.com
Levy County,Florida,https://levycounty.org
Buffalo County,Wisconsin,https://buffalocountywi.gov
Osage County,Kansas,https://osageco.org
Seminole County,Georgia,https://seminolecountyga.com
Columbia County,Washington,https://columbiaco.com
Hampton County,South Carolina,https://hamptoncountysc.org
Coffey County,Kansas,https://coffeycountyks.org
San Miguel County,Colorado,https://sanmiguelcountyco.gov
Rio Blanco County,Colorado,https://rbc.us
Sibley County,Minnesota,https://sibleycounty.gov
Carroll County,New Hampshire,https://carrollcountynh.gov
Yancey County,North Carolina,https://yanceycountync.gov
Dade County,Georgia,https://dadecounty-ga.gov
Scott County,Virginia,https://scottcountyva.com
Stillwater County,Montana,https://stillwatercountymt.gov
Lincoln County,Washington,https://lincolncountywa.com
Greene County,Virginia,https://greenecountyva.gov
Archuleta County,Colorado,https://archuletacounty.org
Schuyler County,New York,https://schuylercounty.us
Hamilton County,Kansas,https://hamiltoncountyks.org
Lac qui Parle County,Minnesota,https://lqpco.com
Brown County,Indiana,https://browncounty-in.gov
Burnett County,Wisconsin,https://burnettcountywi.gov
Meade County,Kansas,https://meadeco.org
Jefferson County,Kansas,https://jfcountyks.com
McIntosh County,Georgia,https://mcintoshcountyga.com
Cass County,Minnesota,https://casscountymn.gov
Grayson County,Virginia,https://graysoncountyva.gov
Warren County,North Carolina,https://warrencountync.com
Northampton County,North Carolina,https://northamptonnc.com
Nantucket County,Massachusetts,https://nantucket-ma.gov
Surry County,Virginia,https://surrycountyva.gov
Ramsey County,North Dakota,https://ramseycountynd.gov
Billings County,North Dakota,https://billingscountynd.gov
Charles City County,Virginia,https://charlescityva.us
Coachella,California,https://cvwd.org
Yucca Valley,California,https://hdwd.com
Parkway,California,https://poway.org
West Freehold,New Jersey,https://freeholdhealth.org
Woodmere,Louisiana,https://jpso.com
Sanatoga,Pennsylvania,https://limerickpa.org
White Meadow Lake,New Jersey,https://rockawaytownship.org
Savage,Maryland,https://alleganygov.org
Watsessing,New Jersey,https://bloomfieldtwpnj.com
Half Moon,North Carolina,https://onwasa.com
Highland Heights,Kentucky,https://highlandhts.com
Stratmoor,Colorado,https://woodlandpark.gov
Brownfields,Louisiana,https://shreveportlawater.gov
Byram,Connecticut,https://eastgreenwichri.com
Lake Wildwood,California,https://readynevadacounty.org
Barclay,New Jersey,https://berkeleyheights.gov
McMurray,Pennsylvania,https://peterstownship.com
Bystrom,California,https://stancog.org
Cedar Creek,Texas,https://gunbarrelcity.gov
Sixteen Mile Stand,Ohio,https://symmestownship.org
North Shore,Virginia,https://norfolk.gov
Brownstown,Pennsylvania,https://ephrataboro.org
Cliffwood Beach,New Jersey,https://aberdeennj.org
Genoa City,Wisconsin,https://kenoshacounty.org
Desert Hills,Arizona,https://desertmthoa.com
Rancho Santa Fe,California,https://sfidwater.org
La Selva Beach,California,https://centralfiresc.org
Kings Beach,California,https://townoftruckee.gov
Rural Hill,Tennessee,https://springhilltn.org
Vista Center,New Jersey,https://jacksontwpnj.net
Lemont,Pennsylvania,https://collegetownship.org
Shell Point,South Carolina,https://cityofbeaufort.org
South Creek,Washington,https://sooscreek.com
Stony Prairie,Ohio,https://prairietownship.org
Lincoln Park,Pennsylvania,https://lincolnpark.org
Paincourtville,Louisiana,https://assumptionla.com
Sanbornville,New Hampshire,https://sanborntonnh.org
Wurtsboro,New York,https://mamakating.gov
Port Morris,New Jersey,https://morristwp.com
Carlsborg,Washington,https://visitsunnysequim.com
Mount Royal,New Jersey,https://spartanj.org
Arenas Valley,New Mexico,https://townofsilvercity.org
Lake Madison,South Dakota,https://cityofmadisonsd.com
Wilroads Gardens,Kansas,https://visitdodgecity.org
Cortland,Nebraska,https://gretnane.org
Nesco,New Jersey,https://redbanknj.org
Kellogg,Iowa,https://newtongov.org
Gargatha,Virginia,https://dickensonva.org
Eldorado,Pennsylvania,https://cranberrytownship.org
Staley,North Carolina,https://townofstanley.org
Orleans County,Louisiana,https://opso.gov
Decatur County,Kansas,https://kansastag.gov
Ojai,California,https://ojairec.com
Ringoes,New Jersey,https://eastamwelltownship.com
Kittitas County,Washington,https://kittcom.gov
